Date,price,mana per won,won price
2018-10-12,21699.85714285714,77.0,1670889.0
2018-10-13,22435.428571428572,78.0,1749963.4285714286
2018-10-14,25312.2,78.0,1974351.6
2018-10-15,33583.333333333336,78.0,2619500.0
2018-10-16,18700.0,80.0,1496000.0
2018-10-17,20050.18181818182,81.0,1624064.7272727273
2018-10-18,31719.285714285714,82.0,2600981.4285714286
2018-10-19,18228.4,79.0,1440043.6
2018-10-20,36875.0,80.0,2950000.0
2018-10-21,25556.25,80.0,2044500.0
2018-10-22,40142.333333333336,83.0,3331813.6666666665
2018-10-23,20886.363636363636,82.0,1712681.8181818181
2018-10-24,16189.75,84.0,1359939.0
2018-10-25,20337.428571428572,83.0,1688006.5714285714
2018-10-26,18996.0,83.0,1576668.0
2018-10-27,18832.473684210527,84.0,1581927.7894736843
2018-10-28,21037.076923076922,87.0,1830225.6923076923
2018-10-29,17858.75,89.0,1589428.75
2018-10-30,18249.583333333332,83.0,1514715.4166666667
2018-10-31,16023.117647058823,85.0,1361965.0
2018-11-01,13621.285714285714,85.0,1157809.2857142857
2018-11-02,17181.04651162791,88.0,1511932.0930232557
2018-11-03,13984.083333333334,89.0,1244583.4166666667
2018-11-04,20757.25,86.0,1785123.5
2018-11-05,12816.875,85.0,1089434.375
2018-11-06,12399.125,87.0,1078723.875
2018-11-07,19467.071428571428,87.0,1693635.2142857143
2018-11-08,16001.933333333332,89.0,1424172.0666666667
2018-11-09,12901.96875,99.0,1277294.90625
2018-11-10,12606.894736842105,96.0,1210261.894736842
2018-11-11,9231.24,109.0,1006205.16
2018-11-12,17688.2,107.0,1892637.4
2018-11-13,13921.666666666666,116.0,1614913.3333333333
2018-11-14,17183.272727272728,117.0,2010442.9090909092
2018-11-15,18606.291666666668,100.0,1860629.1666666667
2018-11-16,21531.636363636364,105.0,2260821.8181818184
2018-11-17,14432.25,98.0,1414360.5
2018-11-18,11398.8,94.0,1071487.2
2018-11-19,20324.31818181818,98.0,1991783.1818181819
2018-11-20,16171.142857142857,79.0,1277520.2857142857
2018-11-21,15651.538461538461,66.0,1033001.5384615385
2018-11-22,20279.6,74.0,1500690.4
2018-11-23,16283.888888888889,69.0,1123588.3333333333
2018-11-24,34980.5,69.0,2413654.5
2018-11-25,27499.500000000004,61.0,1677469.5000000002
2018-11-26,14475.0,62.0,897450.0
2018-11-27,17363.176470588234,59.0,1024427.4117647059
2018-11-28,13818.64705882353,59.0,815300.1764705882
2018-11-29,16746.285714285714,68.0,1138747.4285714286
2018-11-30,13656.0,68.0,928608.0
2018-12-01,15193.222222222223,65.0,987559.4444444445
2018-12-02,12412.142857142857,71.0,881262.1428571428
2018-12-03,17133.6,71.0,1216485.6
2018-12-04,11405.666666666666,78.0,889642.0
2018-12-05,12222.2,73.0,892220.6
2018-12-06,18011.46153846154,65.0,1170745.0
2018-12-07,19485.428571428572,61.0,1188611.142857143
2018-12-08,17328.625,63.0,1091703.375
2018-12-09,15712.454545454546,65.0,1021309.5454545454
2018-12-10,17949.583333333332,68.0,1220571.6666666667
2018-12-11,17207.333333333332,64.0,1101269.3333333333
2018-12-12,18140.5,59.0,1070289.5
2018-12-13,10594.153846153846,61.0,646243.3846153846
2018-12-14,52605.71428571428,55.0,2893314.285714286
2018-12-15,19411.75,49.0,951175.75
2018-12-16,15439.57142857143,49.0,756539.0
2018-12-17,22511.5,51.0,1148086.5
2018-12-18,23083.166666666668,54.0,1246491.0
2018-12-19,27887.58823529412,55.0,1533817.3529411764
2018-12-20,22408.933333333334,53.0,1187673.4666666666
2018-12-21,16283.484848484848,60.0,977009.0909090909
2018-12-22,40677.666666666664,60.0,2440660.0
2018-12-23,20833.647058823528,63.0,1312519.7647058824
2018-12-24,14372.333333333334,63.0,905457.0
2018-12-25,20903.761904761905,62.0,1296033.238095238
2018-12-26,20442.333333333332,56.0,1144770.6666666667
2018-12-27,12118.0,56.0,678608.0
2018-12-28,13637.23076923077,50.0,681861.5384615385
2018-12-29,14566.166666666666,56.0,815705.3333333334
2018-12-30,13832.384615384615,54.0,746948.7692307692
2018-12-31,18861.85714285714,53.0,999678.4285714285
2019-01-01,16579.75,50.0,828987.5
2019-01-02,16614.0,51.0,847314.0
2019-01-03,14847.5,52.0,772070.0
2019-01-04,32176.533333333333,49.0,1576650.1333333333
2019-01-05,16286.315789473685,50.0,814315.7894736842
2019-01-06,17164.375,50.0,858218.75
2019-01-07,18627.090909090908,51.0,949981.6363636364
2019-01-08,13530.07142857143,50.0,676503.5714285715
2019-01-09,15764.375,50.0,788218.75
2019-01-10,16910.884615384617,51.0,862455.1153846154
2019-01-11,13966.166666666666,43.0,600545.1666666666
2019-01-12,21627.454545454544,43.0,929980.5454545454
2019-01-13,19869.636363636364,43.0,854394.3636363636
2019-01-14,15319.266666666666,39.0,597451.4
2019-01-15,19563.833333333332,42.0,821681.0
2019-01-16,14519.666666666666,41.0,595306.3333333334
2019-01-17,35558.166666666664,45.0,1600117.5
2019-01-18,11975.07142857143,45.0,538878.2142857143
2019-01-19,10125.0,44.0,445500.0
2019-01-20,16330.857142857143,45.0,734888.5714285715
2019-01-21,17419.636363636364,43.0,749044.3636363636
2019-01-22,13458.333333333334,43.0,578708.3333333334
2019-01-23,9893.0,44.0,435292.0
2019-01-24,20113.0,43.0,864859.0
2019-01-25,9525.0,44.0,419100.0
2019-01-26,12092.5,43.0,519977.50000000006
2019-01-27,126669.0,44.0,5573436.0
2019-01-28,18494.6,43.0,795267.8
2019-01-29,20252.0,40.0,810080.0
2019-01-30,14019.181818181818,38.0,532728.9090909091
2019-01-31,22697.25,40.0,907890.0
2019-02-01,22574.5,39.0,880405.5
2019-02-02,21167.714285714286,39.0,825540.8571428572
2019-02-03,24069.875,40.0,962795.0
2019-02-04,14366.333333333334,38.0,545920.6666666666
2019-02-05,17791.645161290322,39.0,693874.1612903225
2019-02-06,33142.11111111111,40.0,1325684.4444444445
2019-02-07,20069.555555555555,36.0,722504.0
2019-02-08,15316.0,38.0,582008.0
2019-02-09,22500.0,43.0,967500.0000000001
2019-02-10,20919.8,40.0,836792.0
2019-02-11,19775.272727272728,42.0,830561.4545454546
2019-02-12,13400.0,40.0,536000.0
2019-02-13,17733.0,41.0,727053.0
2019-02-14,15861.5,40.0,634460.0
2019-02-15,20599.666666666668,38.0,782787.3333333334
2019-02-16,35236.142857142855,39.0,1374209.5714285714
2019-02-17,19188.333333333332,42.0,805910.0
2019-02-18,26833.333333333332,41.0,1100166.6666666667
2019-02-19,16666.333333333332,43.0,716652.3333333334
2019-02-20,24959.166666666668,43.0,1073244.1666666667
2019-02-21,19357.14285714286,43.0,832357.1428571428
2019-02-22,17262.0,41.0,707742.0
2019-02-23,32662.25,42.0,1371814.5
2019-02-24,13125.0,42.0,551250.0
2019-02-25,13540.0,39.0,528060.0
2019-02-26,18144.85714285714,40.0,725794.2857142857
2019-02-27,18975.95238095238,54.0,1024701.4285714285
2019-02-28,14452.4375,48.0,693717.0
2019-03-01,17189.85714285714,49.0,842303.0
2019-03-02,17299.0,48.0,830352.0
2019-03-03,28325.0,47.0,1331275.0
2019-03-04,48362.5,46.0,2224675.0
2019-03-05,15384.388888888889,45.0,692297.5
2019-03-06,16291.0,49.0,798259.0
2019-03-07,17353.625,48.0,832974.0
2019-03-08,14059.6,47.0,660801.2
2019-03-09,17736.333333333332,51.0,904553.0
2019-03-10,15590.833333333334,54.0,841905.0
2019-03-11,18150.0,54.0,980100.0
2019-03-12,23384.090909090908,51.0,1192588.6363636365
2019-03-13,19891.409090909092,55.0,1094027.5
2019-03-14,17978.736842105263,54.0,970851.7894736842
2019-03-15,26904.6875,54.0,1452853.125
2019-03-16,13274.0,55.0,730070.0
2019-03-17,37407.63636363636,54.0,2020012.3636363635
2019-03-18,17866.666666666668,57.0,1018400.0
2019-03-19,25866.666666666668,58.0,1500266.6666666667
2019-03-20,16148.57142857143,56.0,904320.0
2019-03-21,19581.5,56.0,1096564.0
2019-03-22,14333.0,55.0,788315.0
2019-03-23,16600.14285714286,56.0,929608.0
2019-03-24,25238.51851851852,58.0,1463834.0740740742
2019-03-25,22200.0,59.0,1309800.0
2019-03-26,27360.0,57.0,1559520.0
2019-03-27,26014.14285714286,57.0,1482806.142857143
2019-03-28,25664.285714285714,59.0,1514192.857142857
2019-03-29,17475.0,74.0,1293150.0
2019-03-30,21847.75,69.0,1507494.75
2019-03-31,31066.666666666668,65.0,2019333.3333333333
2019-04-01,20999.999999999996,64.0,1343999.9999999998
2019-04-02,19787.5,65.0,1286187.5
2019-04-03,14146.0,66.0,933636.0
2019-04-04,16009.5,66.0,1056627.0
2019-04-05,20433.333333333332,69.0,1409900.0
2019-04-06,20620.0,69.0,1422780.0
2019-04-07,13500.000000000002,67.0,904500.0000000001
2019-04-09,31300.0,67.0,2097100.0
2019-04-10,17584.285714285714,65.0,1142978.5714285714
2019-04-11,11150.0,64.0,713600.0
2019-04-12,13033.333333333334,60.0,782000.0
2019-04-13,15719.0625,60.0,943143.75
2019-04-14,50000.0,62.0,3100000.0
2019-04-15,11099.666666666666,63.0,699279.0
2019-04-16,18950.0,60.0,1137000.0
2019-04-17,11639.6,65.0,756574.0
2019-04-18,9999.0,62.0,619938.0
2019-04-19,13279.333333333334,65.0,863156.6666666666
2019-04-20,13122.0,67.0,879174.0
2019-04-21,11240.0,67.0,753080.0
2019-04-22,10873.333333333334,64.0,695893.3333333334
2019-04-23,16250.0,64.0,1040000.0
2019-04-24,25250.0,65.0,1641250.0
2019-04-25,10300.000000000002,61.0,628300.0000000001
2019-04-26,15563.0,58.0,902654.0
2019-04-27,14049.333333333334,58.0,814861.3333333334
2019-04-28,15828.285714285714,59.0,933868.8571428572
2019-04-29,37300.0,58.0,2163400.0
2019-04-30,14284.75,57.0,814230.75
2019-05-01,10689.8,59.0,630698.2
2019-05-02,10450.0,59.0,616550.0
2019-05-03,14628.42857142857,59.0,863077.2857142857
2019-05-04,14116.6,60.0,846996.0
2019-05-05,19966.666666666668,59.0,1178033.3333333333
2019-05-06,17834.5,60.0,1070070.0
2019-05-07,9999.0,64.0,639936.0
2019-05-08,10204.0,60.0,612240.0
2019-05-09,18237.0,60.0,1094220.0
2019-05-10,14374.5,54.0,776223.0
2019-05-11,39966.666666666664,56.0,2238133.3333333335
2019-05-12,16369.857142857143,62.0,1014931.1428571428
2019-05-13,15084.142857142857,59.0,889964.4285714285
2019-05-14,13729.0,60.0,823740.0
2019-05-15,29250.0,65.0,1901250.0
2019-05-16,12163.0,68.0,827084.0
2019-05-17,11825.285714285712,68.0,804119.4285714284
2019-05-18,115991.83333333333,66.0,7655461.0
2019-05-19,14591.0,71.0,1035961.0
2019-05-20,13405.42857142857,66.0,884758.2857142857
2019-05-21,15599.75,65.0,1013983.75
2019-05-22,15200.0,69.0,1048800.0
2019-05-23,15671.142857142857,66.0,1034295.4285714285
2019-05-24,24208.25,72.0,1742994.0
2019-05-25,20990.0,72.0,1511280.0
2019-05-27,19000.000000000004,72.0,1368000.0000000002
2019-05-28,18994.0,74.0,1405556.0
2019-05-29,10787.5,72.0,776700.0
2019-05-30,15190.0,73.0,1108870.0
2019-05-31,15509.4,69.0,1070148.6
2019-06-01,9854.666666666666,71.0,699681.3333333334
2019-06-02,10625.0,68.0,722500.0
2019-06-03,11279.8,70.0,789586.0
2019-06-04,21708.666666666668,63.0,1367646.0
2019-06-05,11521.5,60.0,691290.0
2019-06-06,13849.75,61.0,844834.75
2019-06-07,25057.5,68.0,1703910.0
2019-06-08,9896.785714285714,70.0,692775.0
2019-06-09,9500.000000000002,69.0,655500.0000000001
2019-06-10,13112.5,68.0,891650.0
2019-06-12,10212.5,70.0,714875.0
2019-06-14,8848.333333333334,69.0,610535.0
2019-06-15,89500.0,70.0,6265000.0
2019-06-16,30022.166666666668,71.0,2131573.8333333335
2019-06-17,20662.428571428572,68.0,1405045.142857143
2019-06-18,20342.25,69.0,1403615.25
2019-06-19,13626.857142857143,67.0,912999.4285714285
2019-06-20,11897.833333333334,68.0,809052.6666666666
2019-06-21,20999.8,72.0,1511985.6
2019-06-22,9572.25,69.0,660485.25
2019-06-23,9999.0,69.0,689931.0
2019-06-24,12118.7,67.0,811952.9
2019-06-25,11592.857142857143,67.0,776721.4285714285
2019-06-26,24473.88888888889,66.0,1615276.6666666667
2019-06-27,9313.23076923077,57.0,530854.1538461539
2019-06-28,9381.57142857143,52.0,487841.71428571426
2019-06-29,11350.0,52.0,590200.0
2019-06-30,22279.6,56.0,1247657.6
2019-07-01,11098.6,57.0,632620.2
2019-07-02,11663.333333333334,58.0,676473.3333333334
2019-07-03,15599.5,56.0,873572.0
2019-07-04,14337.6,60.0,860256.0
2019-07-05,9997.4,69.0,689820.6
2019-07-06,12349.8,64.0,790387.2
2019-07-07,15648.333333333334,58.0,907603.3333333334
2019-07-08,11186.0,58.0,648788.0
2019-07-09,26498.0,61.0,1616378.0
2019-07-10,23277.666666666668,63.0,1466493.0
2019-07-11,25637.3,62.0,1589512.6
2019-07-12,20544.75,55.0,1129961.25
2019-07-13,16249.833333333334,60.0,974990.0
2019-07-14,58699.49999999999,58.0,3404570.9999999995
2019-07-15,10598.90909090909,51.0,540544.3636363636
2019-07-16,23449.88888888889,50.0,1172494.4444444445
2019-07-17,21422.25,45.0,964001.25
2019-07-18,10561.0,46.0,485806.0
2019-07-19,25749.25,52.0,1338961.0
2019-07-20,22711.125,55.0,1249111.875
2019-07-21,10421.0,55.0,573155.0
2019-07-22,17773.333333333332,52.0,924213.3333333334
2019-07-23,15247.5,54.0,823365.0
2019-07-24,11031.666666666666,51.0,562615.0
2019-07-25,16450.0,51.0,838950.0
2019-07-26,24350.0,50.0,1217500.0
2019-07-27,17250.000000000004,49.0,845250.0000000002
2019-07-28,10700.000000000002,47.0,502900.00000000006
2019-07-29,19900.0,47.0,935300.0
2019-07-30,17433.333333333332,47.0,819366.6666666666
2019-07-31,18721.333333333332,47.0,879902.6666666666
2019-08-01,19310.25,48.0,926892.0
2019-08-02,32425.5,48.0,1556424.0
2019-08-03,11449.0,48.0,549552.0
2019-08-05,11900.000000000002,50.0,595000.0000000001
2019-08-06,9500.000000000002,50.0,475000.0000000001
2019-08-07,19399.4,47.0,911771.8
2019-08-08,10200.0,48.0,489600.0
2019-08-09,16400.0,49.0,803600.0
2019-08-10,30000.0,50.0,1500000.0
2019-08-12,22950.0,48.0,1101600.0
2019-08-13,58888.666666666664,52.0,3062210.6666666665
2019-08-14,13138.0,50.0,656900.0
2019-08-15,17644.222222222223,45.0,793990.0
2019-08-16,16099.25,44.0,708367.0
2019-08-17,18397.8,43.0,791105.4
2019-08-18,9899.0,44.0,435556.0
2019-08-19,18700.0,47.0,878900.0
2019-08-20,10200.0,48.0,489600.0
2019-08-21,12557.6,45.0,565092.0
2019-08-23,10000.0,43.0,430000.0
2019-08-24,20344.2,47.0,956177.4
2019-08-25,11499.0,45.0,517455.0
2019-08-26,19862.5,43.0,854087.5
2019-08-27,17999.5,44.0,791978.0
2019-08-28,105499.75,43.0,4536489.25
2019-08-29,26449.75,39.0,1031540.25
2019-08-30,23400.0,38.0,889200.0
2019-09-01,13879.333333333334,39.0,541294.0
2019-09-02,16249.5,38.0,617481.0
2019-09-03,20078.166666666668,39.0,783048.5
2019-09-04,17495.0,39.0,682305.0
2019-09-05,44481.666666666664,41.0,1823748.3333333333
2019-09-06,10245.0,40.0,409800.0
2019-09-07,16449.5,38.0,625081.0
2019-09-08,18328.333333333332,39.0,714805.0
2019-09-09,14400.0,38.0,547200.0
2019-09-10,25540.0,39.0,996060.0
2019-09-11,26250.0,40.0,1050000.0
2019-09-12,11597.5,37.0,429107.5
2019-09-13,19000.000000000004,39.0,741000.0000000001
2019-09-14,11646.0,38.0,442548.0
2019-09-15,18976.923076923078,40.0,759076.9230769231
2019-09-17,17000.0,41.0,697000.0000000001
2019-09-18,11684.625,42.0,490754.25
2019-09-19,24650.0,42.0,1035300.0
2019-09-20,17710.0,43.0,761530.0
2019-09-21,11000.0,43.0,473000.0
2019-09-22,12996.666666666666,40.0,519866.66666666657
2019-09-23,10970.0,40.0,438800.0
2019-09-25,13374.75,32.0,427992.0
2019-09-26,20950.0,33.0,691350.0
2019-09-27,11971.285714285714,33.0,395052.4285714286
2019-09-28,10200.0,33.0,336600.0
2019-09-29,18574.833333333332,34.0,631544.3333333334
2019-09-30,10499.999999999998,33.0,346499.99999999994
2019-10-01,13131.277777777777,33.0,433332.1666666667
2019-10-02,16300.0,34.0,554200.0
2019-10-03,16000.0,33.0,528000.0
2019-10-04,12793.75,36.0,460575.0
2019-10-05,18953.5,36.0,682326.0
2019-10-07,39000.0,33.0,1287000.0
2019-10-08,22873.333333333332,38.0,869186.6666666666
2019-10-09,13925.0,38.0,529150.0
2019-10-10,25625.0,38.0,973750.0
2019-10-12,19224.9,37.0,711321.3
2019-10-15,14632.666666666666,38.0,556041.3333333334
2019-10-16,21410.0,39.0,834990.0
2019-10-18,25950.0,38.0,986100.0
2019-10-19,41749.5,36.0,1502982.0
2019-10-20,19822.0,35.0,693770.0
2019-10-21,20550.0,35.0,719250.0
2019-10-22,10433.333333333334,36.0,375600.0
2019-10-23,13195.714285714286,34.0,448654.28571428574
2019-10-24,13950.0,32.0,446400.0
2019-10-25,10637.5,32.0,340400.0
2019-10-26,16800.0,35.0,588000.0
2019-10-27,36968.75,38.0,1404812.5
2019-10-28,20390.842105263157,37.0,754461.1578947369
2019-10-29,13685.0,37.0,506345.0
2019-10-30,30000.0,37.0,1110000.0
2019-10-31,19707.333333333332,36.0,709464.0
2019-11-01,30203.5,37.0,1117529.5
2019-11-02,25566.666666666668,37.0,945966.6666666666
2019-11-03,18840.0,37.0,697080.0
2019-11-04,49000.0,36.0,1764000.0
2019-11-06,11750.0,37.0,434750.0
2019-11-07,20114.0,37.0,744218.0
2019-11-08,13974.5,36.0,503082.0
2019-11-09,33000.0,35.0,1155000.0
2019-11-10,14400.0,35.0,504000.0
2019-11-11,11597.5,36.0,417510.0
2019-11-12,17332.666666666668,35.0,606643.3333333334
2019-11-14,15579.75,35.0,545291.25
2019-11-15,12999.0,34.0,441966.0
2019-11-16,30000.0,33.0,990000.0
2019-11-17,16500.0,34.0,561000.0
2019-11-18,7416.666666666667,34.0,252166.66666666666
2019-11-19,11991.0,33.0,395703.0
2019-11-20,19327.0,32.0,618464.0
2019-11-21,27700.0,32.0,886400.0
2019-11-22,28833.0,30.0,864990.0
2019-11-23,18500.0,28.0,518000.0
2019-11-24,22979.8,28.0,643434.4
2019-11-25,17000.0,25.0,425000.0
2019-11-26,10633.333333333334,26.0,276466.6666666667
2019-11-27,9799.0,27.0,264573.0
2019-11-28,15949.5,29.0,462535.5
2019-11-29,30678.571428571428,30.0,920357.1428571428
2019-11-30,10469.5,31.0,324554.5
2019-12-01,16550.0,30.0,496500.0
2019-12-02,16500.0,30.0,495000.0
2019-12-03,20199.999999999996,29.0,585799.9999999999
2019-12-04,18233.0,29.0,528757.0
2019-12-05,30000.0,29.0,870000.0
2019-12-07,89000.0,30.0,2670000.0
2019-12-08,25139.428571428572,30.0,754182.8571428572
2019-12-09,11807.172413793103,32.0,377829.5172413793
2019-12-10,28350.0,32.0,907200.0
2019-12-11,12800.0,32.0,409600.0
2019-12-12,10777.25,32.0,344872.0
2019-12-13,16401.0,30.0,492030.0
2019-12-14,18825.666666666668,31.0,583595.6666666666
2019-12-15,11880.0,30.0,356400.0
2019-12-18,10633.0,30.0,318990.0
2019-12-19,10682.666666666666,30.0,320480.0
2019-12-22,18725.0,34.0,636650.0
2019-12-23,24900.0,34.0,846600.0
2019-12-24,18428.8,33.0,608150.4
2019-12-26,14329.333333333334,35.0,501526.6666666667
2019-12-27,14194.0,39.0,553566.0
2019-12-28,11900.000000000002,40.0,476000.00000000006
2019-12-29,12621.333333333334,40.0,504853.3333333333
2019-12-30,10000.0,39.0,390000.0
2019-12-31,19421.875,37.0,718609.375
2020-01-01,29665.999999999996,35.0,1038309.9999999999
2020-01-02,15334.0,37.0,567358.0
2020-01-03,9200.0,38.0,349600.0
2020-01-04,19900.0,38.0,756200.0
2020-01-05,13900.0,41.0,569900.0
2020-01-06,33799.5,42.0,1419579.0
2020-01-07,21000.0,43.0,903000.0
2020-01-08,11900.000000000002,39.0,464100.00000000006
2020-01-09,11508.111111111111,40.0,460324.44444444444
2020-01-10,14163.0,39.0,552357.0
2020-01-11,14089.57142857143,37.0,521314.14285714284
2020-01-12,23000.000000000004,37.0,851000.0000000001
2020-01-14,27833.333333333332,37.0,1029833.3333333334
2020-01-15,11000.0,39.0,429000.0
2020-01-16,20162.363636363636,41.0,826656.9090909091
2020-01-17,27094.777777777777,42.0,1137980.6666666667
2020-01-18,34162.5,45.0,1537312.5
2020-01-19,19770.0,43.0,850110.0
2020-01-20,24974.25,41.0,1023944.25
2020-01-21,15428.5,40.0,617140.0
2020-01-22,17000.0,40.0,680000.0
2020-01-23,17145.81818181818,40.0,685832.7272727273
2020-01-24,14339.6,40.0,573584.0
2020-01-25,19100.0,40.0,764000.0
2020-01-26,26726.285714285714,40.0,1069051.4285714286
2020-01-27,36855.88888888889,42.0,1547947.3333333333
2020-01-28,19416.0,42.0,815472.0
2020-01-29,19531.0,43.0,839833.0
2020-01-30,19244.9,44.0,846775.6
2020-01-31,33618.666666666664,44.0,1479221.3333333333
2020-02-01,15198.166666666666,43.0,653521.1666666666
2020-02-02,17100.0,44.0,752400.0
2020-02-03,26752.7,45.0,1203871.5
2020-02-04,19248.5,47.0,904679.5
2020-02-05,22049.9,50.0,1102495.0
2020-02-06,16598.0,50.0,829900.0
2020-02-07,34577.8,56.0,1936356.8
2020-02-08,17780.583333333332,60.0,1066835.0
2020-02-09,21354.36842105263,67.0,1430742.6842105263
2020-02-10,21555.238095238095,76.0,1638198.0952380951
2020-02-11,23172.898550724636,71.0,1645275.7971014492
2020-02-12,29560.0,76.0,2246560.0
2020-02-13,27876.64285714286,73.0,2034994.9285714286
2020-02-14,23474.736842105263,71.0,1666706.3157894737
2020-02-15,20318.38888888889,73.0,1483242.388888889
2020-02-16,18543.033333333333,68.0,1260926.2666666666
2020-02-17,30394.0,68.0,2066792.0
2020-02-18,23972.1,67.0,1606130.7
2020-02-19,36108.333333333336,78.0,2816450.0
2020-02-20,21770.6,70.0,1523942.0
2020-02-21,26132.88888888889,65.0,1698637.7777777778
2020-02-22,34706.36666666667,67.0,2325326.566666667
2020-02-23,15112.636363636364,62.0,936983.4545454546
2020-02-24,23269.833333333332,71.0,1652158.1666666667
2020-02-25,18821.75,63.0,1185770.25
2020-02-26,18982.083333333332,53.0,1006050.4166666666
2020-02-27,20159.714285714286,47.0,947506.5714285715
2020-02-28,17043.7,49.0,835141.3
2020-02-29,14615.0,49.0,716135.0
2020-03-01,16867.85714285714,44.0,742185.7142857143
2020-03-02,20225.0,44.0,889900.0
2020-03-03,12999.0,50.0,649950.0
2020-03-04,18099.75,51.0,923087.25
2020-03-05,15891.75,56.0,889938.0
2020-03-06,23063.333333333332,56.0,1291546.6666666667
2020-03-07,14066.666666666666,59.0,829933.3333333334
2020-03-08,30165.333333333332,53.0,1598762.6666666667
2020-03-09,14566.57142857143,44.0,640929.1428571428
2020-03-10,26085.714285714286,42.0,1095600.0
2020-03-11,17972.75,44.0,790801.0
2020-03-12,13115.4,42.0,550846.8
2020-03-13,18061.416666666668,22.0,397351.1666666667
2020-03-14,14099.375,28.0,394782.5
2020-03-15,24401.333333333332,28.0,683237.3333333334
2020-03-16,19400.0,31.0,601400.0
2020-03-17,29737.5,28.0,832650.0
2020-03-18,17414.333333333332,29.0,505015.6666666667
2020-03-19,18333.333333333332,28.0,513333.3333333333
2020-03-20,16084.333333333334,32.0,514698.6666666667
2020-03-21,16828.0,31.0,521668.0
2020-03-22,15985.0,31.0,495535.0
2020-03-23,12904.083333333334,29.0,374218.4166666667
2020-03-24,17323.0,31.0,537013.0
2020-03-25,14666.666666666666,33.0,484000.0
2020-03-26,21333.333333333332,32.0,682666.6666666666
2020-03-27,25321.0,31.0,784951.0
2020-03-29,18919.8,30.0,567594.0
2020-03-30,17725.5,28.0,496314.0
2020-03-31,19600.0,31.0,607600.0
2020-04-01,17500.0,32.0,560000.0
2020-04-03,19325.0,33.0,637725.0
2020-04-04,14999.0,32.0,479968.0
2020-04-05,21300.0,33.0,702900.0
2020-04-06,16497.285714285714,32.0,527913.1428571428
2020-04-07,21016.8,34.0,714571.2
2020-04-08,24189.6,34.0,822446.4
2020-04-09,22350.0,34.0,759900.0
2020-04-10,21250.0,35.0,743750.0
2020-04-11,23624.75,33.0,779616.75
2020-04-12,20765.0,32.0,664480.0
2020-04-13,15081.25,33.0,497681.25
2020-04-14,17016.666666666668,32.0,544533.3333333334
2020-04-15,18996.333333333332,33.0,626879.0
2020-04-16,17975.0,32.0,575200.0
2020-04-17,29499.5,34.0,1002983.0
2020-04-18,34637.7,35.0,1212319.5
2020-04-19,14686.666666666666,37.0,543406.6666666666
2020-04-20,15895.0,35.0,556325.0
2020-04-21,14299.0,34.0,486166.0
2020-04-22,12099.8,33.0,399293.4
2020-04-23,11625.0,35.0,406875.0
2020-04-24,18170.75,35.0,635976.25
2020-04-25,15766.333333333334,36.0,567588.0
2020-04-26,19556.714285714286,36.0,704041.7142857143
2020-04-27,44000.0,37.0,1628000.0
2020-04-29,18999.0,40.0,759960.0
2020-04-30,17300.0,41.0,709300.0
2020-05-01,22500.0,39.0,877499.9999999999
2020-05-02,20601.0,41.0,844641.0
2020-05-03,14263.0,45.0,641835.0
2020-05-04,35558.0,43.0,1528993.9999999998
2020-05-05,19240.0,43.0,827320.0
2020-05-06,13084.000000000002,43.0,562612.0000000001
2020-05-07,18981.666666666668,42.0,797230.0
2020-05-08,13450.0,45.0,605250.0
2020-05-09,21999.5,48.0,1055976.0
2020-05-10,14649.5,46.0,673877.0
2020-05-11,18999.0,42.0,797958.0
2020-05-12,15644.5,42.0,657069.0
2020-05-14,20999.999999999996,44.0,923999.9999999999
2020-05-15,15493.0,46.0,712678.0
2020-05-16,18858.0,44.0,829752.0
2020-05-17,21499.5,45.0,967477.5
2020-05-18,16900.0,45.0,760500.0
2020-05-19,17083.333333333336,46.0,785833.3333333334
2020-05-20,14799.8,46.0,680790.8
2020-05-21,17549.5,46.0,807277.0
2020-05-22,12950.0,44.0,569800.0
2020-05-23,16158.166666666666,47.0,759433.8333333334
2020-05-24,14879.6,48.0,714220.8
2020-05-25,20199.2,44.0,888764.8
2020-05-26,1999.0,50.0,99950.0
2020-05-27,13900.000000000002,51.0,708900.0000000001
2020-05-28,25499.5,50.0,1274975.0
2020-05-29,85000.0,48.0,4080000.0
2020-05-31,16997.666666666668,49.0,832885.6666666666
2020-06-01,42449.5,49.0,2080025.5
2020-06-02,16010.0,50.0,800500.0
2020-06-03,12949.5,49.0,634525.5
2020-06-04,13750.0,51.0,701250.0
2020-06-05,19480.0,51.0,993480.0
2020-06-06,17996.0,50.0,899800.0
2020-06-07,16200.0,50.0,810000.0
2020-06-08,16274.75,49.0,797462.75
2020-06-09,19499.5,50.0,974975.0
2020-06-10,31666.0,49.0,1551634.0
2020-06-11,20833.333333333332,52.0,1083333.3333333333
2020-06-12,12499.5,49.0,612475.5
2020-06-13,23554.666666666668,51.0,1201288.0
2020-06-16,37406.0,49.0,1832894.0
2020-06-19,17633.0,50.0,881650.0
2020-06-20,18300.0,50.0,915000.0
2020-06-22,17999.0,51.0,917949.0
2020-06-24,14999.999999999998,53.0,794999.9999999999
2020-06-27,25000.0,48.0,1200000.0
2020-06-28,15449.500000000002,44.0,679778.0
2020-06-29,15250.0,44.0,671000.0
2020-06-30,13570.0,45.0,610650.0
2020-07-01,15341.846153846154,45.0,690383.0769230769
2020-07-02,15499.5,46.0,712977.0
2020-07-03,18242.571428571428,44.0,802673.1428571428
2020-07-04,17501.5,45.0,787567.5
2020-07-05,16721.75,46.0,769200.5
2020-07-06,16018.222222222223,45.0,720820.0
2020-07-07,17800.0,47.0,836600.0
2020-07-08,20999.999999999996,48.0,1007999.9999999998
2020-07-09,26562.5,49.0,1301562.5
2020-07-11,16747.25,49.0,820615.25
2020-07-12,21304.2,48.0,1022601.6
2020-07-13,27500.0,49.0,1347500.0
2020-07-14,18986.666666666668,49.0,930346.6666666666
2020-07-15,23533.0,48.0,1129584.0
2020-07-16,41499.666666666664,48.0,1991984.0
2020-07-17,16700.0,47.0,784900.0
2020-07-18,14999.0,47.0,704953.0
2020-07-19,14900.0,48.0,715200.0
2020-07-20,16400.0,49.0,803600.0
2020-07-21,18950.0,50.0,947500.0000000001
2020-07-22,33250.0,57.0,1895250.0
2020-07-23,17799.333333333332,57.0,1014562.0
2020-07-25,19000.000000000004,55.0,1045000.0000000002
2020-07-26,23750.0,56.0,1330000.0
2020-07-27,24066.666666666668,53.0,1275533.3333333333
2020-07-28,27000.000000000004,49.0,1323000.0000000002
2020-07-29,20195.2,51.0,1029955.2
2020-07-30,15599.4,58.0,904765.2
2020-08-02,34574.0,56.0,1936144.0
2020-08-03,14900.0,53.0,789700.0
2020-08-05,90000.0,54.0,4860000.0
2020-08-06,16749.5,63.0,1055218.5
2020-08-08,10997.5,87.0,956782.5
2020-08-09,10444.0,121.0,1263724.0
2020-08-10,15723.0,118.0,1855314.0
2020-08-11,12124.75,120.0,1454970.0
2020-08-12,13733.333333333334,107.0,1469466.6666666667
2020-08-13,19624.75,116.0,2276471.0
2020-08-14,14610.0,109.0,1592490.0
2020-08-15,10012.375,112.0,1121386.0
2020-08-16,13497.5,115.0,1552212.5
2020-08-17,10266.333333333334,115.0,1180628.3333333333
2020-08-18,12666.666666666666,112.0,1418666.6666666667
2020-08-19,28166.5,105.0,2957482.5
2020-08-20,9500.000000000002,98.0,931000.0000000002
2020-08-21,10021.285714285714,107.0,1072277.5714285714
2020-08-22,22820.0,110.0,2510200.0
2020-08-23,21677.75,115.0,2492941.25
2020-08-24,20000.0,108.0,2160000.0
2020-08-25,11133.333333333334,108.0,1202400.0
2020-08-26,8683.333333333334,101.0,877016.6666666666
2020-08-27,12776.857142857143,103.0,1316016.2857142857
2020-08-28,8365.666666666666,111.0,928589.0
2020-08-29,13834.5,127.0,1756981.5
2020-08-30,9199.6,128.0,1177548.8
2020-08-31,15911.25,123.0,1957083.75
2020-09-01,20999.999999999996,117.0,2456999.9999999995
2020-09-03,9800.0,120.0,1176000.0
2020-09-04,14637.5,98.0,1434475.0
2020-09-05,9449.5,104.0,982748.0
2020-09-06,11474.5,94.0,1078603.0
2020-09-07,18999.0,93.0,1766907.0
2020-09-09,16919.0,88.0,1488872.0
2020-09-10,19578.333333333332,92.0,1801206.6666666667
2020-09-12,10499.666666666666,101.0,1060466.3333333333
2020-09-13,19083.333333333332,101.0,1927416.6666666667
2020-09-14,41999.99999999999,97.0,4073999.999999999
2020-09-15,11500.0,97.0,1115500.0
2020-09-16,10629.333333333334,93.0,988528.0
2020-09-17,10000.0,92.0,920000.0
2020-09-18,12516.666666666666,93.0,1164050.0
2020-09-19,14620.0,92.0,1345040.0
2020-09-20,16000.000000000002,94.0,1504000.0
2020-09-21,10888.888888888889,92.0,1001777.7777777778
2020-09-22,13597.333333333334,82.0,1114981.3333333333
2020-09-23,12896.57142857143,85.0,1096208.5714285714
2020-09-24,10269.5,80.0,821560.0
2020-09-25,9834.9,89.0,875306.1
2020-09-26,8000.0,90.0,720000.0
2020-09-27,8887.0,93.0,826491.0
2020-09-28,13260.0,93.0,1233180.0
2020-09-29,12250.0,93.0,1139250.0
2020-09-30,18250.0,103.0,1879750.0
2020-10-01,12625.0,97.0,1224625.0
2020-10-03,10600.0,87.0,922200.0
2020-10-04,9310.0,87.0,809970.0
2020-10-05,13266.4,87.0,1154176.8
2020-10-06,10421.42857142857,89.0,927507.1428571428
2020-10-07,12783.0,81.0,1035423.0
2020-10-08,15499.888888888889,82.0,1270990.888888889
2020-10-09,8000.0,86.0,688000.0
2020-10-10,7800.0,91.0,709800.0
2020-10-11,13700.0,91.0,1246700.0
2020-10-12,10533.0,89.0,937437.0
2020-10-13,12166.333333333334,90.0,1094970.0
2020-10-14,9090.0,88.0,799920.0
2020-10-15,13100.0,85.0,1113500.0
2020-10-16,12695.8,85.0,1079142.9999999998
2020-10-17,21000.0,80.0,1680000.0
2020-10-18,13316.666666666666,83.0,1105283.3333333333
2020-10-19,15499.999999999998,86.0,1333000.0
2020-10-21,11971.42857142857,81.0,969685.7142857143
2020-10-22,11991.666666666666,85.0,1019291.6666666666
2020-10-23,13433.333333333334,86.0,1155266.6666666667
2020-10-24,12138.57142857143,82.0,995362.8571428572
2020-10-25,12178.0,84.0,1022952.0
2020-10-26,11858.888888888889,84.0,996146.6666666666
2020-10-27,9000.0,82.0,738000.0
2020-10-29,11000.0,75.0,825000.0
2020-10-30,12000.0,77.0,924000.0
2020-10-31,9666.666666666666,73.0,705666.6666666666
2020-11-01,10000.0,75.0,750000.0
2020-11-02,12000.0,74.0,888000.0
2020-11-04,10499.999999999998,72.0,755999.9999999999
2020-11-05,14750.0,73.0,1076750.0
2020-11-06,42833.333333333336,83.0,3555166.6666666665
2020-11-07,19200.0,93.0,1785600.0
2020-11-08,7999.0,84.0,671916.0
2020-11-09,17228.428571428572,96.0,1653929.142857143
2020-11-11,14814.666666666666,97.0,1437022.6666666667
2020-11-12,9366.25,92.0,861695.0
2020-11-13,8279.6,92.0,761723.2
2020-11-14,10500.0,93.0,976500.0
2020-11-16,14580.0,87.0,1268460.0
2020-11-17,5500.0,90.0,495000.0
2020-11-18,13374.75,89.0,1190352.75
2020-11-19,12923.0,86.0,1111378.0
2020-11-20,13333.333333333334,86.0,1146666.6666666667
2020-11-21,7999.75,91.0,727977.25
2020-11-22,9300.0,96.0,892800.0
2020-11-23,10447.5,95.0,992512.5
2020-11-24,10999.5,99.0,1088950.5
2020-11-25,13462.5,101.0,1359712.5
2020-11-26,15700.0,99.0,1554300.0
2020-11-27,7700.0,88.0,677600.0
2020-11-28,8100.0,88.0,712800.0
2020-11-29,7878.5,91.0,716943.5
2020-11-30,7718.5,91.0,702383.5
2020-12-02,7000.0,95.0,665000.0
2020-12-03,9499.75,100.0,949975.0
2020-12-04,8082.5,98.0,792085.0
2020-12-05,8210.8,91.0,747182.8
2020-12-06,9498.375,98.0,930840.75
2020-12-07,8549.5,96.0,820752.0
2020-12-08,7500.0,95.0,712500.0
2020-12-09,9174.75,91.0,834902.25
2020-12-10,8928.285714285714,91.0,812474.0
2020-12-11,7000.0,89.0,623000.0
2020-12-12,10700.0,85.0,909500.0
2020-12-13,9064.448275862069,89.0,806735.8965517242
2020-12-14,10999.0,93.0,1022907.0
2020-12-15,15283.375,93.0,1421353.875
2020-12-17,14500.0,95.0,1377500.0
2020-12-18,12275.0,97.0,1190675.0
2020-12-19,11559.666666666666,99.0,1144407.0
2020-12-20,11666.333333333334,103.0,1201632.3333333333
2020-12-21,9380.76923076923,99.0,928696.1538461539
2020-12-22,12348.5,95.0,1173107.5
2020-12-23,14899.999999999998,96.0,1430399.9999999998
2020-12-24,8000.0,86.0,688000.0
2020-12-25,10850.0,91.0,987350.0
2020-12-26,9444.0,88.0,831072.0
2020-12-27,28496.0,87.0,2479152.0
2020-12-28,8200.0,89.0,729800.0
2020-12-30,9500.0,87.0,826500.0
2020-12-31,14333.333333333334,85.0,1218333.3333333333
2021-01-01,22000.0,86.0,1892000.0
2021-01-02,10000.0,91.0,910000.0
2021-01-03,15698.444444444445,86.0,1350066.2222222222
2021-01-04,10000.0,89.0,890000.0
2021-01-05,11074.75,85.0,941353.75
2021-01-06,14499.5,90.0,1304955.0
2021-01-07,20179.8,101.0,2038159.8
2021-01-08,17749.5,138.0,2449431.0
2021-01-09,9735.0,136.0,1323960.0
2021-01-10,9999.666666666666,127.0,1269957.6666666667
2021-01-11,11349.5,117.0,1327891.5
2021-01-12,11646.333333333334,103.0,1199572.3333333333
2021-01-13,14250.0,120.0,1710000.0
2021-01-14,13422.0,126.0,1691172.0
2021-01-16,10346.0,118.0,1220828.0
2021-01-17,11167.0,120.0,1340040.0
2021-01-18,15033.222222222223,126.0,1894186.0
2021-01-19,14225.0,131.0,1863475.0
2021-01-20,8802.25,136.0,1197106.0
2021-01-21,14644.363636363636,152.0,2225943.272727273
2021-01-22,14200.0,132.0,1874400.0
2021-01-23,8899.5,174.0,1548513.0
2021-01-24,9736.5,213.0,2073874.5
2021-01-25,14579.4,188.0,2740927.2
2021-01-26,10000.0,181.0,1810000.0
2021-01-27,12663.454545454546,185.0,2342739.090909091
2021-01-28,8333.333333333334,163.0,1358333.3333333333
2021-01-29,10382.333333333334,176.0,1827290.6666666667
2021-01-30,15298.8,172.0,2631393.6
2021-01-31,12149.5,174.0,2114013.0
2021-02-01,10399.4,172.0,1788696.8
2021-02-02,10219.6,173.0,1767990.8
2021-02-03,12100.0,187.0,2262700.0
2021-02-04,11259.777777777777,197.0,2218176.222222222
2021-02-05,12833.0,191.0,2451103.0
2021-02-06,11168.0,242.0,2702656.0
2021-02-07,10166.5,256.0,2602624.0
2021-02-08,10777.6,262.0,2823731.2
2021-02-09,9624.75,262.0,2521684.5
2021-02-10,9811.6,267.0,2619697.2
2021-02-11,12672.3,274.0,3472210.2
2021-02-12,13500.0,307.0,4144500.0
2021-02-13,13339.285714285714,335.0,4468660.714285715
2021-02-14,12152.714285714286,377.0,4581573.285714285
2021-02-15,8857.6,343.0,3038156.8
2021-02-16,36997.833333333336,329.0,12172287.166666666
2021-02-17,10481.142857142857,321.0,3364446.8571428573
2021-02-18,14388.0,330.0,4748040.0
2021-02-19,9964.142857142857,344.0,3427665.1428571427
2021-02-20,9626.333333333334,365.0,3513611.6666666665
2021-02-21,10683.6,336.0,3589689.6
2021-02-22,8973.25,350.0,3140637.5
2021-02-23,11426.42857142857,304.0,3473634.285714286
2021-02-24,11848.904761904761,258.0,3057017.4285714286
2021-02-25,9598.333333333334,278.0,2668336.6666666665
2021-02-26,12954.421052631578,290.0,3756782.1052631577
2021-02-27,8771.75,279.0,2447318.25
2021-02-28,11464.2,286.0,3278761.2
2021-03-01,11044.8,264.0,2915827.2
2021-03-02,11879.92,300.0,3563976.0
2021-03-03,10905.047619047618,315.0,3435090.0
2021-03-04,11210.5,391.0,4383305.5
2021-03-05,10421.9,476.0,4960824.4
2021-03-06,10483.444444444445,429.0,4497397.666666667
2021-03-07,14514.083333333334,407.0,5907231.916666667
2021-03-08,12562.923076923076,462.0,5804070.461538462
2021-03-09,11679.333333333334,558.0,6517068.0
2021-03-10,10037.333333333334,622.0,6243221.333333333
2021-03-11,8887.333333333334,543.0,4825822.0
2021-03-12,12390.5,592.0,7335176.0
2021-03-13,9449.333333333334,751.0,7096449.333333333
2021-03-14,8188.695652173913,1085.0,8884734.782608695
2021-03-15,6850.783783783784,1169.0,8008566.243243244
2021-03-16,7421.190476190476,1200.0,8905428.57142857
2021-03-17,8214.944444444445,1009.0,8288878.944444444
2021-03-18,9232.5,1207.0,11143627.5
2021-03-19,12178.263157894737,1108.0,13493515.578947369
2021-03-20,8169.916666666667,1088.0,8888869.333333334
2021-03-21,6838.777777777777,1022.0,6989230.888888889
2021-03-22,7049.058823529412,1107.0,7803308.117647059
2021-03-23,7071.888888888889,1047.0,7404267.666666667
2021-03-24,8220.285714285714,976.0,8022998.857142857
2021-03-25,8404.214285714286,967.0,8126875.214285715
2021-03-26,7987.0,920.0,7348040.0
2021-03-27,7289.642857142857,1008.0,7347960.0
2021-03-28,7958.625,1044.0,8308804.5
2021-03-29,8917.136363636364,1283.0,11440685.954545455
2021-03-30,8013.133333333333,1230.0,9856154.0
2021-03-31,8058.588235294118,1219.0,9823419.05882353
2021-04-01,8001.75,1147.0,9178007.25
2021-04-02,7874.933333333333,1143.0,9001048.8
2021-04-03,7832.875,1169.0,9156630.875
2021-04-04,9644.7,1064.0,10261960.8
2021-04-05,7150.625,1127.0,8058754.375
2021-04-06,7357.5625,1126.0,8284615.375
2021-04-07,10526.857142857143,1074.0,11305844.57142857
2021-04-08,9449.6,1044.0,9865382.4
2021-04-09,7050.8,1107.0,7805235.6
2021-04-10,11332.6,1162.0,13168481.2
2021-04-11,11199.75,1136.0,12722916.0
2021-04-12,6889.8,1214.0,8364217.2
2021-04-13,6532.571428571428,1278.0,8348626.285714285
2021-04-14,6091.0,1248.0,7601568.0
2021-04-15,5267.285714285715,1218.0,6415554.0
2021-04-16,5287.7692307692305,1380.0,7297121.538461538
2021-04-17,6337.125,1435.0,9093774.375
2021-04-18,6019.416666666667,1689.0,10166794.75
2021-04-19,11436.8,1516.0,17338188.8
2021-04-20,7486.625,1466.0,10975392.25
2021-04-21,5499.0,1553.0,8539947.0
2021-04-22,4461.75,1500.0,6692625.0
2021-04-23,5683.0,1408.0,8001664.0
2021-04-24,6669.2,1367.0,9116796.4
2021-04-25,4896.875,1234.0,6042743.75
2021-04-26,5852.1,1211.0,7086893.1
2021-04-27,6049.5,1368.0,8275716.0
2021-04-28,7307.545454545455,1449.0,10588633.363636363
